material_id,material_name,finished_mass_g,finished_mass_kg,database,database_release,dataset_name,dataset_id,dataset_version,geography,reference_year,reference_flow,reference_amount,reference_unit,source_url,retrieval_date,sha256,inventory_path,selection_rationale,proxy_justification,status
BOM01,Stainless steel,186,0.186,USLCI,1.2025-06.0,"Steel, stainless 304, flat rolled coil",49f5324b-fc33-36e9-b5af-3c80d73492bd,00.01.011,Northern America,2007-12-31; 2011-12-31,3f2fed05-f530-32e9-b0f9-0dcb5280aa9d,1.0,kg,https://raw.githubusercontent.com/FLCAC-admin/uslci-content/83f722d2c97ca784e3d258ab51ec4f6804625c1f/downloads/uslci_fy25_q2_01_olca2_4_1_elci_lib_json_ld.zip#processes/49f5324b-fc33-36e9-b5af-3c80d73492bd.json,2026-10-08,c21f00e32026e380342e7d617afd5d02d702640cf49e810b01959e2891c012bd,data/raw/candidate_inventories/49f5324b-fc33-36e9-b5af-3c80d73492bd.json,304 flat rolled coil is a grade/form proxy; kettle grade and forming route unknown. Coil production includes rolling; do not add rolling again.,304 flat rolled coil is a grade/form proxy; kettle grade and forming route unknown. Coil production includes rolling; do not add rolling again.,inventory_verified_match_review_pending
BOM02,Brass,20.25,0.02025,,,,,,,,,,,,,,,No brass production candidate found. Do not invent Cu/Zn composition or substitute pure copper.,,missing_suitable_process
BOM03,Copper,15,0.015,TianGong,historical label 0.2.0; commit pinned,cathode copper production;cathode copper;Pyrometallurgy;copper ore,084b5b59-c7f8-4eb3-ae1a-5ebc1ab64a08,00.01.005,CN,2009,176d7abf-4f6c-4584-a720-f9a518ce7d2d,1000.0,kg,https://github.com/tiangong-lca/data/blob/c50cab7961e0b0ca11c26a600bd4c90fea6c6c32/tiangong_lca_data/processes/084b5b59-c7f8-4eb3-ae1a-5ebc1ab64a08.xml,2026-10-08,88b8dc2b7023a205f38da7083305da9a6450de8175c512a790a1f605497320d2,data/raw/candidate_inventories/084b5b59-c7f8-4eb3-ae1a-5ebc1ab64a08.json,"Cathode copper is a raw-metal candidate; wire/terminal drawing and fabrication remain separate. USLCI copper bridge is monetary, not an interchangeable kg inventory.","Cathode copper is a raw-metal candidate; wire/terminal drawing and fabrication remain separate. USLCI copper bridge is monetary, not an interchangeable kg inventory.",inventory_verified_match_review_pending
BOM04,Polypropylene (PP),350.25,0.35025,USLCI,1.2025-06.0,"Polypropylene, PP, virgin resin, at plant",2e8facf6-46aa-4ddb-95de-a4e2a00eb2bb,00.01.004,Northern America,2014-12-31; 2016-12-30,d0477b6a-115f-350d-bbb4-7f62243e3476,1.0,kg,https://raw.githubusercontent.com/FLCAC-admin/uslci-content/83f722d2c97ca784e3d258ab51ec4f6804625c1f/downloads/uslci_fy25_q2_01_olca2_4_1_elci_lib_json_ld.zip#processes/2e8facf6-46aa-4ddb-95de-a4e2a00eb2bb.json,2026-10-08,e9f8c7a7faa8010733685802a2fa14052f9cec91b99bfc1c2567c7e0ee071b06,data/raw/candidate_inventories/2e8facf6-46aa-4ddb-95de-a4e2a00eb2bb.json,Virgin PP resin candidate; grade/recycled share unknown. Injection-molded-part alternative includes resin and must not be added to resin as a separate full material burden.,Virgin PP resin candidate; grade/recycled share unknown. Injection-molded-part alternative includes resin and must not be added to resin as a separate full material burden.,inventory_verified_match_review_pending
BOM05,Polyvinyl chloride (PVC),43.5,0.0435,USLCI,1.2025-06.0,"Polyvinyl chloride resin, suspension grade PVC; at plant",3dbccdda-2014-4239-ad1f-4e15c034942b,00.01.007,United States of America (the),2022-01-01; 2022-12-31,2bb0cd6b-941b-38da-856c-1b7bd0cc5f49,1.0,kg,https://raw.githubusercontent.com/FLCAC-admin/uslci-content/83f722d2c97ca784e3d258ab51ec4f6804625c1f/downloads/uslci_fy25_q2_01_olca2_4_1_elci_lib_json_ld.zip#processes/3dbccdda-2014-4239-ad1f-4e15c034942b.json,2026-10-08,27510988dd5d6947ef5b74ea6ffb15d87649877e2e21ac8b872f24ecf8e26993,data/raw/candidate_inventories/3dbccdda-2014-4239-ad1f-4e15c034942b.json,Suspension PVC resin is a formulation proxy. Cable-grade plasticizers/additives and conversion are not confirmed.,Suspension PVC resin is a formulation proxy. Cable-grade plasticizers/additives and conversion are not confirmed.,inventory_verified_match_review_pending
BOM06,"Nylon, grade unspecified",49.5,0.0495,,,,,,,,,,,,,,,Nylon grade unspecified. TianGong filament/yarn and inks consuming polyamide are not resin datasets; do not equate them to molded nylon components.,,missing_suitable_process
BOM07,Polyoxymethylene (POM),9.75,0.00975,,,,,,,,,,,,,,,No appropriate POM production candidate found in searched catalogs. No unsupported polymer substitution.,,missing_suitable_process
BOM08,Polycarbonate (PC),6.75,0.00675,,,,,,,,,,,,,,,TianGong luggage records consume PC/other resins and reference pieces; they do not produce kg PC resin. Rejected.,,missing_suitable_process
BOM09,Acrylonitrile-butadiene-styrene (ABS),30,0.03,USLCI,1.2025-06.0,"Acrylonitrile-butadiene-styrene, ABS, copolymer resin, at plant",0e42a306-ee2d-362e-8bc3-580000096459,00.01.002,Northern America,2015-01-01; 2016-12-31,c32cdfef-1136-4af8-945b-32dd954c7278,1.0,kg,https://raw.githubusercontent.com/FLCAC-admin/uslci-content/83f722d2c97ca784e3d258ab51ec4f6804625c1f/downloads/uslci_fy25_q2_01_olca2_4_1_elci_lib_json_ld.zip#processes/0e42a306-ee2d-362e-8bc3-580000096459.json,2026-10-08,776d59b892239eeeb385aab9015f6b8ccfce39830b774f45c7e2186a505173c4,data/raw/candidate_inventories/0e42a306-ee2d-362e-8bc3-580000096459.json,ABS copolymer resin candidate; specific heat-resistant grade and molding inputs remain unknown.,ABS copolymer resin candidate; specific heat-resistant grade and molding inputs remain unknown.,inventory_verified_match_review_pending
BOM10,Silicone,12,0.012,,,,,,,,,,,,,,,"TianGong organic-silicon monomer synthesis is not cured silicone elastomer. Polymerization, formulation and cure are missing; rejected as direct substitute.",,missing_suitable_process
BOM11,LDPE packaging foil,6.3,0.0063,USLCI,1.2025-06.0,"Polyethylene, low-density, LDPE, virgin resin, at plant",6a12cba1-889d-4515-90f8-89feb8d662f2,00.01.003,Northern America,2014-12-31; 2016-12-30,2f9d79bf-e4c6-400a-a076-8c00f468fa3b,1.0,kg,https://raw.githubusercontent.com/FLCAC-admin/uslci-content/83f722d2c97ca784e3d258ab51ec4f6804625c1f/downloads/uslci_fy25_q2_01_olca2_4_1_elci_lib_json_ld.zip#processes/6a12cba1-889d-4515-90f8-89feb8d662f2.json,2026-10-08,1a2ea8a3f017f644d2d18d7a31fa1bdb5542260b96b9c571b36ebdcc9f7ec889,data/raw/candidate_inventories/6a12cba1-889d-4515-90f8-89feb8d662f2.json,"LDPE virgin resin candidate; foil extrusion/conversion is additional, and LLDPE is not assumed equivalent.","LDPE virgin resin candidate; foil extrusion/conversion is additional, and LLDPE is not assumed equivalent.",inventory_verified_match_review_pending
BOM12,Cardboard packaging,131.5,0.1315,USLCI,1.2025-06.0,"Corrugated product, average production, at mill",226ed3c2-e020-4c95-b1fc-4559fc2d18ac,00.01.003,United States of America (the),2013-12-31; 2014-12-30,f806b9df-b77c-3369-a00f-feda82b0778c,1.0,kg,https://raw.githubusercontent.com/FLCAC-admin/uslci-content/83f722d2c97ca784e3d258ab51ec4f6804625c1f/downloads/uslci_fy25_q2_01_olca2_4_1_elci_lib_json_ld.zip#processes/226ed3c2-e020-4c95-b1fc-4559fc2d18ac.json,2026-10-08,f970b6fc9d7a9305492bc878c3a773d4e59e14e9b49990d9ddae491e7e4b19b3,data/raw/candidate_inventories/226ed3c2-e020-4c95-b1fc-4559fc2d18ac.json,Corrugated product proxy for unspecified cardboard; verify board type. Converting is included in this record; do not add corrugating again.,Corrugated product proxy for unspecified cardboard; verify board type. Converting is included in this record; do not add corrugating again.,inventory_verified_match_review_pending
